<?xml version="1.0" encoding="UTF-8"?>
<xmodel version="2" xmlns:xsi="http://www.w3.org/2001/XMLSchema-instance" xsi:noNamespaceSchemaLocation="http://flame.ac.uk/schema/xmml_v2.xsd">
    <name>kPsystem</name>
    <version>2</version>
    <author>Ionut</author>
    <description>kPsystem</description>
    <environment>
        <constants>
            <variable>
                <type>int</type>
                <name>show</name>
                <description></description>
            </variable>
        </constants>
        <functionFiles>
            <file>functions_Main.c</file><file>functions_Output.c</file>
        </functionFiles>
        <dataTypes>
            <dataType>
                <name>Object</name>
                <description></description>
                <variables>
                    <variable>
                        <type>int</type>
                        <name>id</name>
                        <description></description>
                    </variable>
                    <variable>
                        <type>int</type>
                        <name>n</name>
                        <description></description>
                    </variable>
                </variables>
            </dataType>
            <dataType>
                <name>Multiset</name>
                <description></description>
                <variables>
                    <variable>
                        <type>Object_array</type>
                        <name>bag</name>
                        <description></description>
                    </variable>
                </variables>
            </dataType>
            <dataType>
                <name>TargetType</name>
                <description></description>
                <variables>
                    <variable>
                        <type>int</type>
                        <name>target</name>
                        <description></description>
                    </variable>
                </variables>
            </dataType>
            <dataType>
                <name>MultisetWithTarget</name>
                <description></description>
                <variables>
                    <variable>
                        <type>Multiset</type>
                        <name>bag</name>
                        <description></description>
                    </variable>
                    <variable>
                        <type>TargetType</type>
                        <name>target</name>
                        <description></description>
                    </variable>
                </variables>
            </dataType>
            <dataType>
                <name>GuardType</name>
                <description></description>
                <variables>
                    <variable>
                        <type>int</type>
                        <name>rel</name>
                        <description></description>
                    </variable>
                    <variable>
                        <type>Object</type>
                        <name>o</name>
                        <description></description>
                    </variable>
                    <variable>
                        <type>int</type>
                        <name>op</name>
                        <description></description>
                    </variable>
                </variables>
            </dataType>
            <dataType>
                <name>Rule</name>
                <description></description>
                <variables>
                    <variable>
                        <type>Multiset</type>
                        <name>LeftHand</name>
                        <description></description>
                    </variable>
                    <variable>
                        <type>int</type>
                        <name>Type</name>
                        <description></description>
                    </variable>
                    <variable>
                        <type>MultisetWithTarget_array</type>
                        <name>RightHand</name>
                        <description></description>
                    </variable>
                </variables>
            </dataType>
            <dataType>
                <name>GuardArrary</name>
                <description></description>
                <variables>
                    <variable>
                        <type>GuardType_array</type>
                        <name>guard</name>
                        <description></description>
                    </variable>
                </variables>
            </dataType>
            <dataType>
                <name>TypeInstanceIds</name>
                <description></description>
                <variables>
                    <variable>
                        <type>int</type>
                        <name>typeId</name>
                        <description></description>
                    </variable>
                    <variable>
                        <type>int_array</type>
                        <name>instanceIds</name>
                        <description></description>
                    </variable>
                </variables>
            </dataType>
        </dataTypes>
    </environment>
    <agents>
        <xagent>
            <name>Main</name>
            <description>Main</description>
            <memory>
                <variable>
                    <type>int</type>
                    <name>id</name>
                    <description></description>
                </variable>
                <variable>
                    <type>int</type>
                    <name>instanceId</name>
                    <description></description>
                </variable>
                <variable>
                    <type>Multiset</type>
                    <name>bag</name>
                    <description></description>
                </variable>
                <variable>
                    <type>Multiset</type>
                    <name>newbag</name>
                    <description></description>
                </variable>
                <variable>
                    <type>Rule_array</type>
                    <name>rules</name>
                    <description></description>
                </variable>
                <variable>
                    <type>GuardArrary_array</type>
                    <name>guards</name>
                    <description></description>
                </variable>
                <variable>
                    <type>int_array</type>
                    <name>activeRules</name>
                    <description></description>
                </variable>
                <variable>
                    <type>TypeInstanceIds_array</type>
                    <name>connections</name>
                    <description></description>
                </variable>
                <variable>
                    <type>int</type>
                    <name>structure_rule</name>
                    <description></description>
                </variable>
                <variable>
                    <type>int</type>
                    <name>stop</name>
                    <description></description>
                </variable>
                <variable>
                    <type>int</type>
                    <name>seed</name>
                    <description></description>
                </variable>
            </memory>
            <functions>
                <function>
                    <name>Main_show</name>
                    <description>Main_show</description>
                    <currentState>Main_show</currentState>
                    <nextState>Main_start</nextState>
                </function>
                <function>
                    <name>Main_initialization</name>
                    <description>Main_initialization</description>
                    <currentState>Main_start</currentState>
                    <nextState>Main_initialization</nextState>
                    <condition>
                        <lhs>
                            <value>a.structure_rule</value>
                        </lhs>
                        <op>EQ</op>
                        <rhs>
                            <value>-1</value>
                        </rhs>
                    </condition>
                </function>
                <function>
                    <name>idle</name>
                    <description>idle</description>
                    <currentState>Main_start</currentState>
                    <nextState>Main_end</nextState>
                    <condition>
                        <lhs>
                            <value>a.structure_rule</value>
                        </lhs>
                        <op>NEQ</op>
                        <rhs>
                            <value>-1</value>
                        </rhs>
                    </condition>
                </function>
                <function>
                    <name>Main_CHOICE_1</name>
                    <description>Main__1</description>
                    <currentState>Main_initialization</currentState>
                    <nextState>Main_CHOICE_1</nextState>
                    <outputs>
                        <output>
                            <messageName>msgSendObject</messageName>
                        </output>
                    </outputs>
                </function>
                <function>
                    <name>Main_CHOICE_2</name>
                    <description>Main__2</description>
                    <currentState>Main_CHOICE_1</currentState>
                    <nextState>Main_execution_completed</nextState>
                    <condition>
                        <lhs>
                            <value>a.stop</value>
                        </lhs>
                        <op>EQ</op>
                        <rhs>
                            <value>0</value>
                        </rhs>
                    </condition>
                    <outputs>
                        <output>
                            <messageName>msgSendObject</messageName>
                        </output>
                    </outputs>
                </function>
                <function>
                    <name>idle</name>
                    <description>idle</description>
                    <currentState>Main_CHOICE_1</currentState>
                    <nextState>Main_execution_completed</nextState>
                    <condition>
                        <lhs>
                            <value>a.stop</value>
                        </lhs>
                        <op>NEQ</op>
                        <rhs>
                            <value>0</value>
                        </rhs>
                    </condition>
                </function>
                <function>
                    <name>Main_PrepareTheNewMembrane</name>
                    <description>Main_PrepareTheNewMembrane</description>
                    <currentState>Main_execution_completed</currentState>
                    <nextState>Main_prepare_the_new_membrane</nextState>
                    <condition>
                        <lhs>
                            <value>a.structure_rule</value>
                        </lhs>
                        <op>NEQ</op>
                        <rhs>
                            <value>-1</value>
                        </rhs>
                    </condition>
                    <outputs>
                        <output>
                            <messageName>msgRequestId</messageName>
                        </output>
                    </outputs>
                </function>
                <function>
                    <name>Main_CreateNewMembrane</name>
                    <description>Main_CreateNewMembrane</description>
                    <currentState>Main_prepare_the_new_membrane</currentState>
                    <nextState>Main_remove_membrane</nextState>
                    <inputs>
                        <input>
                            <messageName>msgReceiveId</messageName>
                            <filter>
                                <lhs>
                                    <lhs><value>0</value></lhs>
                                    <op>EQ</op>
                                    <rhs><value>m.type_id</value></rhs>
                                </lhs>
                                <op>AND</op>
                                <rhs>
                                    <lhs><value>a.instanceId</value></lhs>
                                    <op>EQ</op>
                                    <rhs><value>m.instance_id</value></rhs>
                                </rhs>

                            </filter>
                        </input>
                    </inputs>
                </function>
                <function>
                    <name>Main_removeMembrane</name>
                    <description>Main_removeMembrane</description>
                    <currentState>Main_remove_membrane</currentState>
                    <nextState>Main_applyChanges</nextState>
                </function>
                <function>
                    <name>idle</name>
                    <description>idle</description>
                    <currentState>Main_execution_completed</currentState>
                    <nextState>Main_applyChanges</nextState>
                    <condition>
                        <lhs>
                            <value>a.structure_rule</value>
                        </lhs>
                        <op>EQ</op>
                        <rhs>
                            <value>-1</value>
                        </rhs>
                    </condition>
                </function>
                <function>
                    <name>Main_applyChanges</name>
                    <description>Main_applyChanges</description>
                    <currentState>Main_applyChanges</currentState>
                    <nextState>Main_receive</nextState>
                </function>
                <function>
                    <name>Main_receive</name>
                    <description>Main_receive</description>
                    <currentState>Main_receive</currentState>
                    <nextState>Main_end</nextState>
                    <inputs>
                        <input>
                            <messageName>msgSendObject</messageName>
                            <filter>
                                <lhs>
                                    <lhs><value>a.id</value></lhs>
                                    <op>EQ</op>
                                    <rhs><value>m.idTo</value></rhs>
                                </lhs>
                                <op>AND</op>
                                <rhs>
                                    <lhs><value>a.instanceId</value></lhs>
                                    <op>EQ</op>
                                    <rhs><value>m.instanceIdTo</value></rhs>
                                </rhs>

                            </filter>
                        </input>
                    </inputs>
                </function>
            </functions>
        </xagent>
        <xagent>
            <name>MainInstanceManager</name>
            <description>MainInstanceManager</description>
            <memory>
                <variable>
                    <type>int</type>
                    <name>instance_number</name>
                    <description></description>
                </variable>
                <variable>
                    <type>int</type>
                    <name>is_new_instances</name>
                    <description></description>
                </variable>
                <variable>
                    <type>int_array</type>
                    <name>new_instances</name>
                    <description></description>
                </variable>
            </memory>
            <functions>
                <function>
                    <name>Main_instance_manager_receive</name>
                    <description>Main_instance_manager_receive</description>
                    <currentState>Main_instance_manager_start</currentState>
                    <nextState>Main_instance_manager_receive</nextState>
                    <inputs>
                        <input>
                            <messageName>msgRequestId</messageName>
                            <filter>
                                <lhs><value>0</value></lhs>
                                <op>EQ</op>
                                <rhs><value>m.type_id</value></rhs>
                            </filter>
                        </input>
                    </inputs>
                </function>
                <function>
                    <name>Main_instance_manager_send</name>
                    <description>Main_instance_manager_send</description>
                    <currentState>Main_instance_manager_receive</currentState>
                    <nextState>Main_instance_manager_end</nextState>
                    <condition>
                        <lhs>
                            <value>a.is_new_instances</value>
                        </lhs>
                        <op>NEQ</op>
                        <rhs>
                            <value>0</value>
                        </rhs>
                    </condition>
                    <outputs>
                        <output>
                            <messageName>msgReceiveId</messageName>
                        </output>
                    </outputs>
                </function>
                <function>
                    <name>idle</name>
                    <description>idle</description>
                    <currentState>Main_instance_manager_receive</currentState>
                    <nextState>Main_instance_manager_end</nextState>
                    <condition>
                        <lhs>
                            <value>a.is_new_instances</value>
                        </lhs>
                        <op>EQ</op>
                        <rhs>
                            <value>0</value>
                        </rhs>
                    </condition>
                </function>
            </functions>
        </xagent>
        <xagent>
            <name>Output</name>
            <description>Output</description>
            <memory>
                <variable>
                    <type>int</type>
                    <name>id</name>
                    <description></description>
                </variable>
                <variable>
                    <type>int</type>
                    <name>instanceId</name>
                    <description></description>
                </variable>
                <variable>
                    <type>Multiset</type>
                    <name>bag</name>
                    <description></description>
                </variable>
                <variable>
                    <type>Multiset</type>
                    <name>newbag</name>
                    <description></description>
                </variable>
                <variable>
                    <type>Rule_array</type>
                    <name>rules</name>
                    <description></description>
                </variable>
                <variable>
                    <type>GuardArrary_array</type>
                    <name>guards</name>
                    <description></description>
                </variable>
                <variable>
                    <type>int_array</type>
                    <name>activeRules</name>
                    <description></description>
                </variable>
                <variable>
                    <type>TypeInstanceIds_array</type>
                    <name>connections</name>
                    <description></description>
                </variable>
                <variable>
                    <type>int</type>
                    <name>structure_rule</name>
                    <description></description>
                </variable>
                <variable>
                    <type>int</type>
                    <name>stop</name>
                    <description></description>
                </variable>
                <variable>
                    <type>int</type>
                    <name>seed</name>
                    <description></description>
                </variable>
            </memory>
            <functions>
                <function>
                    <name>Output_show</name>
                    <description>Output_show</description>
                    <currentState>Output_show</currentState>
                    <nextState>Output_start</nextState>
                </function>
                <function>
                    <name>Output_initialization</name>
                    <description>Output_initialization</description>
                    <currentState>Output_start</currentState>
                    <nextState>Output_initialization</nextState>
                    <condition>
                        <lhs>
                            <value>a.structure_rule</value>
                        </lhs>
                        <op>EQ</op>
                        <rhs>
                            <value>-1</value>
                        </rhs>
                    </condition>
                </function>
                <function>
                    <name>idle</name>
                    <description>idle</description>
                    <currentState>Output_start</currentState>
                    <nextState>Output_end</nextState>
                    <condition>
                        <lhs>
                            <value>a.structure_rule</value>
                        </lhs>
                        <op>NEQ</op>
                        <rhs>
                            <value>-1</value>
                        </rhs>
                    </condition>
                </function>
                <function>
                    <name>Output_CHOICE_1</name>
                    <description>Output__1</description>
                    <currentState>Output_initialization</currentState>
                    <nextState>Output_execution_completed</nextState>
                    <outputs>
                        <output>
                            <messageName>msgSendObject</messageName>
                        </output>
                    </outputs>
                </function>
                <function>
                    <name>Output_PrepareTheNewMembrane</name>
                    <description>Output_PrepareTheNewMembrane</description>
                    <currentState>Output_execution_completed</currentState>
                    <nextState>Output_prepare_the_new_membrane</nextState>
                    <condition>
                        <lhs>
                            <value>a.structure_rule</value>
                        </lhs>
                        <op>NEQ</op>
                        <rhs>
                            <value>-1</value>
                        </rhs>
                    </condition>
                    <outputs>
                        <output>
                            <messageName>msgRequestId</messageName>
                        </output>
                    </outputs>
                </function>
                <function>
                    <name>Output_CreateNewMembrane</name>
                    <description>Output_CreateNewMembrane</description>
                    <currentState>Output_prepare_the_new_membrane</currentState>
                    <nextState>Output_remove_membrane</nextState>
                    <inputs>
                        <input>
                            <messageName>msgReceiveId</messageName>
                            <filter>
                                <lhs>
                                    <lhs><value>1</value></lhs>
                                    <op>EQ</op>
                                    <rhs><value>m.type_id</value></rhs>
                                </lhs>
                                <op>AND</op>
                                <rhs>
                                    <lhs><value>a.instanceId</value></lhs>
                                    <op>EQ</op>
                                    <rhs><value>m.instance_id</value></rhs>
                                </rhs>

                            </filter>
                        </input>
                    </inputs>
                </function>
                <function>
                    <name>Output_removeMembrane</name>
                    <description>Output_removeMembrane</description>
                    <currentState>Output_remove_membrane</currentState>
                    <nextState>Output_applyChanges</nextState>
                </function>
                <function>
                    <name>idle</name>
                    <description>idle</description>
                    <currentState>Output_execution_completed</currentState>
                    <nextState>Output_applyChanges</nextState>
                    <condition>
                        <lhs>
                            <value>a.structure_rule</value>
                        </lhs>
                        <op>EQ</op>
                        <rhs>
                            <value>-1</value>
                        </rhs>
                    </condition>
                </function>
                <function>
                    <name>Output_applyChanges</name>
                    <description>Output_applyChanges</description>
                    <currentState>Output_applyChanges</currentState>
                    <nextState>Output_receive</nextState>
                </function>
                <function>
                    <name>Output_receive</name>
                    <description>Output_receive</description>
                    <currentState>Output_receive</currentState>
                    <nextState>Output_end</nextState>
                    <inputs>
                        <input>
                            <messageName>msgSendObject</messageName>
                            <filter>
                                <lhs>
                                    <lhs><value>a.id</value></lhs>
                                    <op>EQ</op>
                                    <rhs><value>m.idTo</value></rhs>
                                </lhs>
                                <op>AND</op>
                                <rhs>
                                    <lhs><value>a.instanceId</value></lhs>
                                    <op>EQ</op>
                                    <rhs><value>m.instanceIdTo</value></rhs>
                                </rhs>

                            </filter>
                        </input>
                    </inputs>
                </function>
            </functions>
        </xagent>
        <xagent>
            <name>OutputInstanceManager</name>
            <description>OutputInstanceManager</description>
            <memory>
                <variable>
                    <type>int</type>
                    <name>instance_number</name>
                    <description></description>
                </variable>
                <variable>
                    <type>int</type>
                    <name>is_new_instances</name>
                    <description></description>
                </variable>
                <variable>
                    <type>int_array</type>
                    <name>new_instances</name>
                    <description></description>
                </variable>
            </memory>
            <functions>
                <function>
                    <name>Output_instance_manager_receive</name>
                    <description>Output_instance_manager_receive</description>
                    <currentState>Output_instance_manager_start</currentState>
                    <nextState>Output_instance_manager_receive</nextState>
                    <inputs>
                        <input>
                            <messageName>msgRequestId</messageName>
                            <filter>
                                <lhs><value>1</value></lhs>
                                <op>EQ</op>
                                <rhs><value>m.type_id</value></rhs>
                            </filter>
                        </input>
                    </inputs>
                </function>
                <function>
                    <name>Output_instance_manager_send</name>
                    <description>Output_instance_manager_send</description>
                    <currentState>Output_instance_manager_receive</currentState>
                    <nextState>Output_instance_manager_end</nextState>
                    <condition>
                        <lhs>
                            <value>a.is_new_instances</value>
                        </lhs>
                        <op>NEQ</op>
                        <rhs>
                            <value>0</value>
                        </rhs>
                    </condition>
                    <outputs>
                        <output>
                            <messageName>msgReceiveId</messageName>
                        </output>
                    </outputs>
                </function>
                <function>
                    <name>idle</name>
                    <description>idle</description>
                    <currentState>Output_instance_manager_receive</currentState>
                    <nextState>Output_instance_manager_end</nextState>
                    <condition>
                        <lhs>
                            <value>a.is_new_instances</value>
                        </lhs>
                        <op>EQ</op>
                        <rhs>
                            <value>0</value>
                        </rhs>
                    </condition>
                </function>
            </functions>
        </xagent>
    </agents>
    <messages>
        <message>
            <name>msgSendObject</name>
            <description></description>
            <variables>
                <variable>
                    <type>int</type>
                    <name>idFrom</name>
                    <description></description>
                </variable>
                <variable>
                    <type>int</type>
                    <name>instanceIdFrom</name>
                    <description></description>
                </variable>
                <variable>
                    <type>int</type>
                    <name>idTo</name>
                    <description></description>
                </variable>
                <variable>
                    <type>int</type>
                    <name>instanceIdTo</name>
                    <description></description>
                </variable>
                <variable>
                    <type>int</type>
                    <name>objectID</name>
                    <description></description>
                </variable>
                <variable>
                    <type>int</type>
                    <name>n</name>
                    <description></description>
                </variable>
            </variables>
        </message>
        <message>
            <name>msgRequestId</name>
            <description></description>
            <variables>
                <variable>
                    <type>int</type>
                    <name>type_id</name>
                    <description></description>
                </variable>
                <variable>
                    <type>int</type>
                    <name>instance_id</name>
                    <description></description>
                </variable>
                <variable>
                    <type>int</type>
                    <name>newMembranes</name>
                    <description></description>
                </variable>
            </variables>
        </message>
        <message>
            <name>msgReceiveId</name>
            <description></description>
            <variables>
                <variable>
                    <type>int</type>
                    <name>type_id</name>
                    <description></description>
                </variable>
                <variable>
                    <type>int</type>
                    <name>instance_id</name>
                    <description></description>
                </variable>
                <variable>
                    <type>int</type>
                    <name>start_from</name>
                    <description></description>
                </variable>
            </variables>
        </message>
    </messages>
</xmodel>