<states>
<itno>0</itno>
<environment>
<show>0</show>
</environment>
<xagent>
<name>Main</name>
<bag>{{{0, 1}}}</bag>
<rules>{{{{{0, 1}}}, 1, {{{{{2, 1}}}, {1}}}}, {{{{0, 1}}}, 1, {{{{{3, 1}}}, {-1}}}}, {{{{0, 1}}}, 2, {{{{{0, 1}, {4, 1}}}, {-1}}, {{{{5, 1}, {0, 1}, {4, 1}}}, {-1}}}}, {{{{0, 1}}}, 2, {{{{{0, 1}, {6, 1}}}, {-1}}, {{{{5, 2}, {0, 1}, {6, 1}}}, {-1}}}}, {{{{0, 1}}}, 2, {{{{{0, 1}, {7, 1}}}, {-1}}, {{{{5, 3}, {0, 1}, {7, 1}}}, {-1}}}}, {{{{0, 1}}}, 2, {{{{{0, 1}, {8, 1}}}, {-1}}, {{{{5, 4}, {0, 1}, {8, 1}}}, {-1}}}}}</rules>
<guards>{{{{2, {5, 10}, 0}, 0}}, {{{4, {5, 10}, 0}, 0}}, {{{3, {4, 1}, 0}, 0}}, {{{3, {6, 1}, 0}, 0}}, {{{3, {7, 1}, 0}, 0}}, {{{3, {8, 1}, 0}, 0}}}</guards>
<id>0</id>
<instanceId>0</instanceId>
<connections>{{1, {0}}}</connections>
<structure_rule>-1</structure_rule>
</xagent>
<xagent>
<name>MainInstanceManager</name>
<instance_number>1</instance_number>
</xagent>
<xagent>
<name>Output</name>
<bag>{{{1, 1}}}</bag>
<rules>{{{{{1, 1}}}, 1, {{{{{9, 1}}}, {-1}}}}, {{{{9, 1}}}, 1, {{{{{9, 2}}}, {-1}}}}, {{{{9, 1}}}, 1, {{{{{9, 2}, {10, 1}, {3, 1}}}, {-1}}}}}</rules>
<guards>{{{}}, {{{0, {9, 5}, 0}, 0}}, {{{0, {2, 1}, 0}, {2, {9, 5}, 0}, 0}}}</guards>
<id>1</id>
<instanceId>0</instanceId>
<connections>{{0, {0}}}</connections>
<structure_rule>-1</structure_rule>
</xagent>
<xagent>
<name>OutputInstanceManager</name>
<instance_number>1</instance_number>
</xagent>
</states>