<states>
<itno>0</itno>
<environment>
<show>0</show>
</environment>
<xagent>
<name>Main</name>
<bag>{{{0, 1}}}</bag>
<rules>{{{{{0, 1}}}, 1, {{{{{2, 1}}}, {1}}}}, {{{{0, 1}}}, 1, {{{{{3, 1}}}, {-1}}}}, {{{{0, 1}}}, 2, {{{{{0, 1}, {4, 1}}}, {-1}}, {{{{5, 1}, {0, 1}, {4, 1}}}, {-1}}}}, {{{{0, 1}}}, 2, {{{{{0, 1}, {6, 1}}}, {-1}}, {{{{5, 2}, {0, 1}, {6, 1}}}, {-1}}}}, {{{{0, 1}}}, 2, {{{{{0, 1}, {7, 1}}}, {-1}}, {{{{5, 3}, {0, 1}, {7, 1}}}, {-1}}}}, {{{{0, 1}}}, 2, {{{{{0, 1}, {8, 1}}}, {-1}}, {{{{5, 4}, {0, 1}, {8, 1}}}, {-1}}}}, {{{{0, 1}}}, 2, {{{{{0, 1}, {9, 1}}}, {-1}}, {{{{5, 5}, {0, 1}, {9, 1}}}, {-1}}}}, {{{{0, 1}}}, 2, {{{{{0, 1}, {10, 1}}}, {-1}}, {{{{5, 6}, {0, 1}, {10, 1}}}, {-1}}}}, {{{{0, 1}}}, 2, {{{{{0, 1}, {11, 1}}}, {-1}}, {{{{5, 7}, {0, 1}, {11, 1}}}, {-1}}}}, {{{{0, 1}}}, 2, {{{{{0, 1}, {12, 1}}}, {-1}}, {{{{5, 8}, {0, 1}, {12, 1}}}, {-1}}}}, {{{{0, 1}}}, 2, {{{{{0, 1}, {13, 1}}}, {-1}}, {{{{5, 9}, {0, 1}, {13, 1}}}, {-1}}}}, {{{{0, 1}}}, 2, {{{{{0, 1}, {14, 1}}}, {-1}}, {{{{5, 10}, {0, 1}, {14, 1}}}, {-1}}}}, {{{{0, 1}}}, 2, {{{{{0, 1}, {15, 1}}}, {-1}}, {{{{5, 11}, {0, 1}, {15, 1}}}, {-1}}}}, {{{{0, 1}}}, 2, {{{{{0, 1}, {16, 1}}}, {-1}}, {{{{5, 12}, {0, 1}, {16, 1}}}, {-1}}}}, {{{{0, 1}}}, 2, {{{{{0, 1}, {17, 1}}}, {-1}}, {{{{5, 13}, {0, 1}, {17, 1}}}, {-1}}}}, {{{{0, 1}}}, 2, {{{{{0, 1}, {18, 1}}}, {-1}}, {{{{5, 14}, {0, 1}, {18, 1}}}, {-1}}}}, {{{{0, 1}}}, 2, {{{{{0, 1}, {19, 1}}}, {-1}}, {{{{5, 15}, {0, 1}, {19, 1}}}, {-1}}}}}</rules>
<guards>{{{{2, {5, 120}, 0}, 0}}, {{{4, {5, 120}, 0}, 0}}, {{{3, {4, 1}, 0}, 0}}, {{{3, {6, 1}, 0}, 0}}, {{{3, {7, 1}, 0}, 0}}, {{{3, {8, 1}, 0}, 0}}, {{{3, {9, 1}, 0}, 0}}, {{{3, {10, 1}, 0}, 0}}, {{{3, {11, 1}, 0}, 0}}, {{{3, {12, 1}, 0}, 0}}, {{{3, {13, 1}, 0}, 0}}, {{{3, {14, 1}, 0}, 0}}, {{{3, {15, 1}, 0}, 0}}, {{{3, {16, 1}, 0}, 0}}, {{{3, {17, 1}, 0}, 0}}, {{{3, {18, 1}, 0}, 0}}, {{{3, {19, 1}, 0}, 0}}}</guards>
<id>0</id>
<instanceId>0</instanceId>
<connections>{{1, {0}}}</connections>
<structure_rule>-1</structure_rule>
</xagent>
<xagent>
<name>MainInstanceManager</name>
<instance_number>1</instance_number>
</xagent>
<xagent>
<name>Output</name>
<bag>{{{1, 1}}}</bag>
<rules>{{{{{1, 1}}}, 1, {{{{{20, 1}}}, {-1}}}}, {{{{20, 1}}}, 1, {{{{{20, 2}}}, {-1}}}}, {{{{20, 1}}}, 1, {{{{{20, 2}, {21, 1}, {3, 1}}}, {-1}}}}}</rules>
<guards>{{{}}, {{{0, {20, 16}, 0}, 0}}, {{{0, {2, 1}, 0}, {2, {20, 16}, 0}, 0}}}</guards>
<id>1</id>
<instanceId>0</instanceId>
<connections>{{0, {0}}}</connections>
<structure_rule>-1</structure_rule>
</xagent>
<xagent>
<name>OutputInstanceManager</name>
<instance_number>1</instance_number>
</xagent>
</states>